art-basel-miami-01	https://d8j0ntlcm91z4.cloudfront.net/user_3ArBFOugdMCMuT14opO6xquptYA/hf_20260729_220445_14df6e78-9f14-4308-ad4b-cdf28c7fd2de.png
art-basel-miami-02	https://d8j0ntlcm91z4.cloudfront.net/user_3ArBFOugdMCMuT14opO6xquptYA/hf_20260729_214727_af523ec2-14ef-4133-9305-b4b1dfdb2438.png
art-basel-miami-03	https://d8j0ntlcm91z4.cloudfront.net/user_3ArBFOugdMCMuT14opO6xquptYA/hf_20260729_214733_24b83d01-109a-45b0-9107-ad3943ac4442.png
art-basel-miami-04	https://d8j0ntlcm91z4.cloudfront.net/user_3ArBFOugdMCMuT14opO6xquptYA/hf_20260729_214735_ce323099-576e-4cba-af1f-f96f83953c32.png
art-basel-miami-05	https://d8j0ntlcm91z4.cloudfront.net/user_3ArBFOugdMCMuT14opO6xquptYA/hf_20260729_214738_9d89ad6a-0076-4321-a60f-250c937bf3b9.png
art-basel-miami-06	https://d8j0ntlcm91z4.cloudfront.net/user_3ArBFOugdMCMuT14opO6xquptYA/hf_20260729_214741_e9e70007-7be1-4651-9feb-fa52d64abaaa.png
grammy-weekend-01	https://d8j0ntlcm91z4.cloudfront.net/user_3ArBFOugdMCMuT14opO6xquptYA/hf_20260729_220536_1249977f-b721-4e9f-9e0e-2a30bfa34438.png
grammy-weekend-02	https://d8j0ntlcm91z4.cloudfront.net/user_3ArBFOugdMCMuT14opO6xquptYA/hf_20260729_220539_d7d81aba-df02-45de-b300-12413f1937f3.png
grammy-weekend-03	https://d8j0ntlcm91z4.cloudfront.net/user_3ArBFOugdMCMuT14opO6xquptYA/hf_20260729_220542_37cb6b16-6187-4965-a915-fddcd21fb8d9.png
grammy-weekend-04	https://d8j0ntlcm91z4.cloudfront.net/user_3ArBFOugdMCMuT14opO6xquptYA/hf_20260729_214822_fcef5ea7-1ff6-4809-892f-32842a99a34a.png
grammy-weekend-05	https://d8j0ntlcm91z4.cloudfront.net/user_3ArBFOugdMCMuT14opO6xquptYA/hf_20260729_220544_125e97f2-1ade-426a-9cd1-9d06d99c3ae3.png
grammy-weekend-06	https://d8j0ntlcm91z4.cloudfront.net/user_3ArBFOugdMCMuT14opO6xquptYA/hf_20260729_214828_437ff768-b614-4d70-ac99-01b79909450c.png
la-auto-show-01	https://d8j0ntlcm91z4.cloudfront.net/user_3ArBFOugdMCMuT14opO6xquptYA/hf_20260729_220634_44ceae5e-6086-4128-ac1e-bf989d08daca.png
la-auto-show-02	https://d8j0ntlcm91z4.cloudfront.net/user_3ArBFOugdMCMuT14opO6xquptYA/hf_20260729_220636_c32869fe-e8a0-4f10-923a-1afa4cde8b31.png
la-auto-show-03	https://d8j0ntlcm91z4.cloudfront.net/user_3ArBFOugdMCMuT14opO6xquptYA/hf_20260729_220641_e49d91de-1957-42e9-85f0-91bbca02ac66.png
la-auto-show-04	https://d8j0ntlcm91z4.cloudfront.net/user_3ArBFOugdMCMuT14opO6xquptYA/hf_20260729_220644_453939ee-ee2d-4353-b034-1d75631991e2.png
la-auto-show-05	https://d8j0ntlcm91z4.cloudfront.net/user_3ArBFOugdMCMuT14opO6xquptYA/hf_20260729_214843_001811e0-6afa-4e50-ba85-3f51ea9ef3a5.png
la-auto-show-06	https://d8j0ntlcm91z4.cloudfront.net/user_3ArBFOugdMCMuT14opO6xquptYA/hf_20260729_220647_8a3584d6-282a-48f0-8053-c420b068963e.png
la-comic-con-01	https://d8j0ntlcm91z4.cloudfront.net/user_3ArBFOugdMCMuT14opO6xquptYA/hf_20260729_220509_fe53f130-bbdc-4c81-9b75-7c691b4ced93.png
la-comic-con-02	https://d8j0ntlcm91z4.cloudfront.net/user_3ArBFOugdMCMuT14opO6xquptYA/hf_20260729_214746_99f53bae-9ab8-41b4-8707-83bf3e24945f.png
la-comic-con-03	https://d8j0ntlcm91z4.cloudfront.net/user_3ArBFOugdMCMuT14opO6xquptYA/hf_20260729_214748_b261a64f-945b-4070-8f7a-a9f3cb35e8cc.png
la-comic-con-04	https://d8j0ntlcm91z4.cloudfront.net/user_3ArBFOugdMCMuT14opO6xquptYA/hf_20260729_220512_d29fdbec-37d5-4aa4-aee2-6b29c4dbbc4d.png
la-comic-con-05	https://d8j0ntlcm91z4.cloudfront.net/user_3ArBFOugdMCMuT14opO6xquptYA/hf_20260729_214754_fbfa09a2-4f44-4934-8e4a-70715b281628.png
la-comic-con-06	https://d8j0ntlcm91z4.cloudfront.net/user_3ArBFOugdMCMuT14opO6xquptYA/hf_20260729_220515_8a3f3f04-f575-46ac-9216-e8f4ef85d90b.png
las-vegas-events-01	https://d8j0ntlcm91z4.cloudfront.net/user_3ArBFOugdMCMuT14opO6xquptYA/hf_20260729_220115_466b0f1f-7ab4-4e3d-9f79-62f5d63dce79.png
las-vegas-events-02	https://d8j0ntlcm91z4.cloudfront.net/user_3ArBFOugdMCMuT14opO6xquptYA/hf_20260729_220118_5c34e595-cbad-4369-ad2e-53c1bdc95b5c.png
las-vegas-events-03	https://d8j0ntlcm91z4.cloudfront.net/user_3ArBFOugdMCMuT14opO6xquptYA/hf_20260729_220120_7c0825b9-e24a-4b2a-bed0-d12e3761d000.png
las-vegas-events-04	https://d8j0ntlcm91z4.cloudfront.net/user_3ArBFOugdMCMuT14opO6xquptYA/hf_20260729_220126_3de9ea4a-ca95-4118-acf2-dd73b0d3b1b7.png
las-vegas-events-05	https://d8j0ntlcm91z4.cloudfront.net/user_3ArBFOugdMCMuT14opO6xquptYA/hf_20260729_214503_454a07e0-a9f1-4ba6-96f7-8b6e241cee14.png
las-vegas-events-06	https://d8j0ntlcm91z4.cloudfront.net/user_3ArBFOugdMCMuT14opO6xquptYA/hf_20260729_220128_d86b8b6e-ed18-4f9d-9f6e-0ff3e7ec8566.png
los-angeles-events-01	https://d8j0ntlcm91z4.cloudfront.net/user_3ArBFOugdMCMuT14opO6xquptYA/hf_20260729_214229_3a8b2efb-78a8-4501-853d-69efd0ec2555.png
los-angeles-events-02	https://d8j0ntlcm91z4.cloudfront.net/user_3ArBFOugdMCMuT14opO6xquptYA/hf_20260729_214237_f4f21e0c-dccc-4f98-b047-9ffa9fe86e79.png
los-angeles-events-03	https://d8j0ntlcm91z4.cloudfront.net/user_3ArBFOugdMCMuT14opO6xquptYA/hf_20260729_220048_bc598073-e761-4c91-bee3-7b75a229eb09.png
los-angeles-events-04	https://d8j0ntlcm91z4.cloudfront.net/user_3ArBFOugdMCMuT14opO6xquptYA/hf_20260729_220051_ce9c8491-2662-4015-941f-c9214ef62a7d.png
los-angeles-events-05	https://d8j0ntlcm91z4.cloudfront.net/user_3ArBFOugdMCMuT14opO6xquptYA/hf_20260729_214249_0a5e0c6b-3e25-4da3-8226-c41d42bb0e06.png
los-angeles-events-06	https://d8j0ntlcm91z4.cloudfront.net/user_3ArBFOugdMCMuT14opO6xquptYA/hf_20260729_220053_d0eb4993-15b0-4695-90cb-3dafe9d272ec.png
miami-events-01	https://d8j0ntlcm91z4.cloudfront.net/user_3ArBFOugdMCMuT14opO6xquptYA/hf_20260729_220148_5d669c01-488a-45c0-9992-fbf0115c6e8a.png
miami-events-02	https://d8j0ntlcm91z4.cloudfront.net/user_3ArBFOugdMCMuT14opO6xquptYA/hf_20260729_214515_85a636da-2ea5-4e69-99e1-581ac2584294.png
miami-events-03	https://d8j0ntlcm91z4.cloudfront.net/user_3ArBFOugdMCMuT14opO6xquptYA/hf_20260729_214518_e59e9532-7938-4a19-b2f5-e356eb6536b1.png
miami-events-04	https://d8j0ntlcm91z4.cloudfront.net/user_3ArBFOugdMCMuT14opO6xquptYA/hf_20260729_214520_52efba10-d064-4cd8-b265-215cc8d39f87.png
miami-events-05	https://d8j0ntlcm91z4.cloudfront.net/user_3ArBFOugdMCMuT14opO6xquptYA/hf_20260729_220150_d2fea12e-cbaa-480d-b421-e657deb550a6.png
miami-events-06	https://d8j0ntlcm91z4.cloudfront.net/user_3ArBFOugdMCMuT14opO6xquptYA/hf_20260729_220153_4a352443-a24e-4559-a3a6-067d9752e832.png
new-york-events-01	https://d8j0ntlcm91z4.cloudfront.net/user_3ArBFOugdMCMuT14opO6xquptYA/hf_20260729_214109_57b50691-c00b-49b0-843d-68662f24b9f3.png
new-york-events-02	https://d8j0ntlcm91z4.cloudfront.net/user_3ArBFOugdMCMuT14opO6xquptYA/hf_20260729_214133_31009215-2063-47e7-989b-23771dfe0f0d.png
new-york-events-03	https://d8j0ntlcm91z4.cloudfront.net/user_3ArBFOugdMCMuT14opO6xquptYA/hf_20260729_220023_1cfb64f3-39ad-4000-8660-13ff3fe248fa.png
new-york-events-04	https://d8j0ntlcm91z4.cloudfront.net/user_3ArBFOugdMCMuT14opO6xquptYA/hf_20260729_214140_0c6f454c-7d37-4253-9daa-0617f5522093.png
new-york-events-05	https://d8j0ntlcm91z4.cloudfront.net/user_3ArBFOugdMCMuT14opO6xquptYA/hf_20260729_220026_19274206-ef09-4333-941f-63e19217a752.png
new-york-events-06	https://d8j0ntlcm91z4.cloudfront.net/user_3ArBFOugdMCMuT14opO6xquptYA/hf_20260729_220029_8110dad9-8457-465c-adb0-5b4fd6f40f4d.png
ny-comic-con-01	https://d8j0ntlcm91z4.cloudfront.net/user_3ArBFOugdMCMuT14opO6xquptYA/hf_20260729_220302_5eba02ae-c3e9-4e62-9dfb-1d29ffc072c0.png
ny-comic-con-02	https://d8j0ntlcm91z4.cloudfront.net/user_3ArBFOugdMCMuT14opO6xquptYA/hf_20260729_214608_d36fbc24-b52e-4975-8dba-d136223dd9b9.png
ny-comic-con-03	https://d8j0ntlcm91z4.cloudfront.net/user_3ArBFOugdMCMuT14opO6xquptYA/hf_20260729_214611_befcd43b-fec7-469a-877b-5ac4bb57196e.png
ny-comic-con-04	https://d8j0ntlcm91z4.cloudfront.net/user_3ArBFOugdMCMuT14opO6xquptYA/hf_20260729_214613_90330d48-93d1-40e8-aaa2-a30432b458e8.png
ny-comic-con-05	https://d8j0ntlcm91z4.cloudfront.net/user_3ArBFOugdMCMuT14opO6xquptYA/hf_20260729_220309_4a215955-c236-40c8-acdc-7f4ed7f207b8.png
ny-comic-con-06	https://d8j0ntlcm91z4.cloudfront.net/user_3ArBFOugdMCMuT14opO6xquptYA/hf_20260729_220311_22d6f621-6c62-43a2-a766-6e855253d6f9.png
ny-fashion-week-01	https://d8j0ntlcm91z4.cloudfront.net/user_3ArBFOugdMCMuT14opO6xquptYA/hf_20260729_214638_a7802c53-21fb-49e7-9d07-e4b77300e7a5.png
ny-fashion-week-02	https://d8j0ntlcm91z4.cloudfront.net/user_3ArBFOugdMCMuT14opO6xquptYA/hf_20260729_220340_ae78ee84-ffec-46ee-83c2-2150c33ed692.png
ny-fashion-week-03	https://d8j0ntlcm91z4.cloudfront.net/user_3ArBFOugdMCMuT14opO6xquptYA/hf_20260729_220342_d2fddd81-4720-4fa9-828d-14e907678619.png
ny-fashion-week-04	https://d8j0ntlcm91z4.cloudfront.net/user_3ArBFOugdMCMuT14opO6xquptYA/hf_20260729_220344_90b4bd55-218c-4229-a41e-d1750300b082.png
ny-fashion-week-05	https://d8j0ntlcm91z4.cloudfront.net/user_3ArBFOugdMCMuT14opO6xquptYA/hf_20260729_214649_cd1c7667-1cf8-4d92-a4ce-f60b2048126f.png
ny-fashion-week-06	https://d8j0ntlcm91z4.cloudfront.net/user_3ArBFOugdMCMuT14opO6xquptYA/hf_20260729_220347_87922919-d8f8-4f42-bc6a-ade2c8be7525.png
ultra-music-festival-01	https://d8j0ntlcm91z4.cloudfront.net/user_3ArBFOugdMCMuT14opO6xquptYA/hf_20260729_220413_709e2fd6-75a2-44b6-8ac5-2b5a8da7f1f8.png
ultra-music-festival-02	https://d8j0ntlcm91z4.cloudfront.net/user_3ArBFOugdMCMuT14opO6xquptYA/hf_20260729_220416_c7547665-78dd-44f9-b2de-edc9121d9684.png
ultra-music-festival-03	https://d8j0ntlcm91z4.cloudfront.net/user_3ArBFOugdMCMuT14opO6xquptYA/hf_20260729_214701_0df92d23-f156-4f7e-bb6d-cca349afc303.png
ultra-music-festival-04	https://d8j0ntlcm91z4.cloudfront.net/user_3ArBFOugdMCMuT14opO6xquptYA/hf_20260729_214703_42c68386-daec-4a4d-91a3-8aabcd1d33fd.png
ultra-music-festival-05	https://d8j0ntlcm91z4.cloudfront.net/user_3ArBFOugdMCMuT14opO6xquptYA/hf_20260729_220419_f74273b8-a711-48c5-9fa7-6c13ac05fd84.png
ultra-music-festival-06	https://d8j0ntlcm91z4.cloudfront.net/user_3ArBFOugdMCMuT14opO6xquptYA/hf_20260729_220422_c6e01377-1f6d-4850-88e4-422e3d8f2297.png
us-open-01	https://d8j0ntlcm91z4.cloudfront.net/user_3ArBFOugdMCMuT14opO6xquptYA/hf_20260729_220221_b268e063-20bc-43ad-a397-cecdf87518c7.png
us-open-02	https://d8j0ntlcm91z4.cloudfront.net/user_3ArBFOugdMCMuT14opO6xquptYA/hf_20260729_220223_fed0aef1-04e3-44b5-a830-5bd6a675e1c9.png
us-open-03	https://d8j0ntlcm91z4.cloudfront.net/user_3ArBFOugdMCMuT14opO6xquptYA/hf_20260729_220226_2b28d237-fb0a-4f33-ae94-32aa14e942a1.png
us-open-04	https://d8j0ntlcm91z4.cloudfront.net/user_3ArBFOugdMCMuT14opO6xquptYA/hf_20260729_220229_e81a5427-a456-4662-8b86-f5e47e19cec6.png
us-open-05	https://d8j0ntlcm91z4.cloudfront.net/user_3ArBFOugdMCMuT14opO6xquptYA/hf_20260729_220231_02710f44-6e09-4bc7-96eb-b99cefb4edcf.png
us-open-06	https://d8j0ntlcm91z4.cloudfront.net/user_3ArBFOugdMCMuT14opO6xquptYA/hf_20260729_220234_b3256e25-bc29-458e-b1ae-5f34d69938de.png
